
-- $2y$10$P7im4OMw6hsnPWLpJ1nVKup1jlEFsLIek9D3lglmZv.Tq05GDEhMS -> passwd
INSERT INTO USERX (ENABLED, FIRST_NAME, LAST_NAME, PASSWORD, USERNAME, CREATE_USER_USERNAME, CREATE_DATE) VALUES(TRUE, 'Admin', 'Istrator', '$2y$10$P7im4OMw6hsnPWLpJ1nVKup1jlEFsLIek9D3lglmZv.Tq05GDEhMS', 'admin', 'admin', '2016-01-01 00:00:00')
INSERT INTO USERX_USER_ROLE (USERX_USERNAME, ROLES) VALUES ('admin', 'ADMIN')
INSERT INTO USERX_USER_ROLE (USERX_USERNAME, ROLES) VALUES ('admin', 'EMPLOYEE')
INSERT INTO USERX (ENABLED, FIRST_NAME, LAST_NAME, PASSWORD, USERNAME, CREATE_USER_USERNAME, CREATE_DATE) VALUES(TRUE, 'Susi', 'Kaufgern', '$2y$10$P7im4OMw6hsnPWLpJ1nVKup1jlEFsLIek9D3lglmZv.Tq05GDEhMS', 'user1', 'admin', '2016-01-01 00:00:00')
INSERT INTO USERX_USER_ROLE (USERX_USERNAME, ROLES) VALUES ('user1', 'MANAGER')
INSERT INTO USERX_USER_ROLE (USERX_USERNAME, ROLES) VALUES ('user1', 'EMPLOYEE')
INSERT INTO USERX (ENABLED, FIRST_NAME, LAST_NAME, PASSWORD, USERNAME, CREATE_USER_USERNAME, CREATE_DATE) VALUES(TRUE, 'Max', 'Mustermann', '$2y$10$P7im4OMw6hsnPWLpJ1nVKup1jlEFsLIek9D3lglmZv.Tq05GDEhMS', 'user2', 'admin', '2016-01-01 00:00:00')
INSERT INTO USERX_USER_ROLE (USERX_USERNAME, ROLES) VALUES ('user2', 'EMPLOYEE')
INSERT INTO USERX (ENABLED, FIRST_NAME, LAST_NAME, PASSWORD, USERNAME, CREATE_USER_USERNAME, CREATE_DATE) VALUES(TRUE, 'Elvis', 'The King', '$2y$10$P7im4OMw6hsnPWLpJ1nVKup1jlEFsLIek9D3lglmZv.Tq05GDEhMS', 'elvis', 'elvis', '2016-01-01 00:00:00')
INSERT INTO USERX_USER_ROLE (USERX_USERNAME, ROLES) VALUES ('elvis', 'ADMIN')
INSERT INTO USERX_USER_ROLE (USERX_USERNAME, ROLES) VALUES ('elvis', 'EMPLOYEE')


INSERT INTO ACCESS_POINT (ID, ACCESS_POINT_NAME, CREATE_DATE) VALUES ('7269ddec-30c6-44d9-bc1f-8af18da09ed3', 'garden', '2021-10-07')
INSERT INTO ACCESS_POINT (ID, ACCESS_POINT_NAME, CREATE_DATE) VALUES ('4294ba1b-f794-4e3d-b606-896b28237bcb', 'first floor', '2021-07-08 12:30:00')
INSERT INTO ACCESS_POINT (ID, ACCESS_POINT_NAME, CREATE_DATE) VALUES ('43d5aba9-29c5-49b4-b4ec-2d430e34104f', 'second floor', '2021-06-12 13:45:00')

INSERT INTO SENSOR_STATION (ID, NAME, CATEGORY, CREATE_DATE, ACCESS_POINT_ID) VALUES ('8ccfdfaa-9731-4786-8efa-e2141e5c4095','rose', 'flower', '2023-05-01 12:00:00', '7269ddec-30c6-44d9-bc1f-8af18da09ed3')
INSERT INTO SENSOR_STATION (ID, NAME, CATEGORY, CREATE_DATE,ACCESS_POINT_ID) VALUES ('f11c3324-125f-4b2d-8b82-3692b0772d95', 'bonsai', 'tree', '2022-08-09 11:23:00','7269ddec-30c6-44d9-bc1f-8af18da09ed3')
INSERT INTO SENSOR_STATION (ID, NAME, CATEGORY, CREATE_DATE,ACCESS_POINT_ID) VALUES ('b94d9ff0-1366-49b1-b19b-85f73c14d744', 'mint', 'mint-family', '2021-10-09 20:24:00','4294ba1b-f794-4e3d-b606-896b28237bcb')
INSERT INTO SENSOR_STATION (ID, NAME, CATEGORY, CREATE_DATE,ACCESS_POINT_ID) VALUES ('9f98b70c-4de7-46c0-a611-21160743be7e', 'tomato', 'fruit', '2020-09-07 11:12:00','4294ba1b-f794-4e3d-b606-896b28237bcb')
INSERT INTO SENSOR_STATION (ID, NAME, CATEGORY, CREATE_DATE,ACCESS_POINT_ID) VALUES ('c57004cc-ca72-41a0-9432-754e642696cb', 'potato', 'vegetable', '2019-08-01 13:23:00','4294ba1b-f794-4e3d-b606-896b28237bcb')

INSERT INTO SENSOR_DATA (ID, MEASUREMENT, SENSOR_STATION_ID, TYPE, UNIT, CREATE_DATE) VALUES ('0e6006f9-12f2-4f08-841f-6d937669eb6e', 0.05, '8ccfdfaa-9731-4786-8efa-e2141e5c4095', 'Temperature', 'C', '2020-05-06 13:45:00')
INSERT INTO SENSOR_DATA (ID, MEASUREMENT, SENSOR_STATION_ID, TYPE, UNIT, CREATE_DATE) VALUES ('9ab74d92-5ef5-4c31-8465-be1bbf45a1f7',3.4, '8ccfdfaa-9731-4786-8efa-e2141e5c4095','Humidity', '%',  '2023-03-23 14:54:00')
INSERT INTO SENSOR_DATA (ID, MEASUREMENT, SENSOR_STATION_ID, TYPE, CREATE_DATE) VALUES ('cdc0dce8-08c1-44bd-9e52-3b2f6107d9a3', 120.0, 'f11c3324-125f-4b2d-8b82-3692b0772d95', 'Air-quality', '2019-05-12 23:04:00')
INSERT INTO SENSOR_DATA (ID, MEASUREMENT, SENSOR_STATION_ID, TYPE, UNIT, CREATE_DATE) VALUES ('0718665a-5c08-4580-a4de-d8089d8756db', 20.34, 'f11c3324-125f-4b2d-8b82-3692b0772d95','Temperature', 'C','2012-06-16')
INSERT INTO SENSOR_DATA (ID, MEASUREMENT, SENSOR_STATION_ID, TYPE, UNIT, CREATE_DATE) VALUES ('675e0e77-387c-46da-bf1d-5d96678fefb2', 123, 'b94d9ff0-1366-49b1-b19b-85f73c14d744', 'Humidity', '%', '2022-10-23 16:00:00')
