-- $2y$10$P7im4OMw6hsnPWLpJ1nVKup1jlEFsLIek9D3lglmZv.Tq05GDEhMS -> passwd
INSERT INTO userx (ENABLED, FIRST_NAME, LAST_NAME, CREATE_USER_USERNAME, PASSWORD, USERNAME,CREATE_DATE) VALUES(TRUE, 'Admin', 'Istrator','admin', '$2y$10$P7im4OMw6hsnPWLpJ1nVKup1jlEFsLIek9D3lglmZv.Tq05GDEhMS', 'admin', '2016-01-01 00:00:00');
INSERT INTO userx_user_role  (USERX_USERNAME, ROLES) VALUES ('admin', 'ADMIN');
INSERT INTO userx (ENABLED, FIRST_NAME, LAST_NAME, PASSWORD, USERNAME, CREATE_USER_USERNAME, CREATE_DATE) VALUES(TRUE, 'Susi', 'Kaufgern', '$2y$10$P7im4OMw6hsnPWLpJ1nVKup1jlEFsLIek9D3lglmZv.Tq05GDEhMS', 'user1', 'admin', '2016-01-01 00:00:00');
INSERT INTO userx_user_role  (USERX_USERNAME, ROLES) VALUES ('user1', 'GARDENER');
INSERT INTO userx (ENABLED, FIRST_NAME, LAST_NAME, PASSWORD, USERNAME, CREATE_USER_USERNAME, CREATE_DATE) VALUES(TRUE, 'Max', 'Mustermann', '$2y$10$P7im4OMw6hsnPWLpJ1nVKup1jlEFsLIek9D3lglmZv.Tq05GDEhMS', 'user2', 'admin', '2016-01-01 00:00:00');
INSERT INTO userx_user_role  (USERX_USERNAME, ROLES) VALUES ('user2', 'USER');
INSERT INTO userx (ENABLED, FIRST_NAME, LAST_NAME, PASSWORD, USERNAME, CREATE_USER_USERNAME, CREATE_DATE) VALUES(TRUE, 'Elvis', 'The King', '$2y$10$P7im4OMw6hsnPWLpJ1nVKup1jlEFsLIek9D3lglmZv.Tq05GDEhMS', 'elvis', 'admin', '2016-01-01 00:00:00');
INSERT INTO userx_user_role  (USERX_USERNAME, ROLES) VALUES ('elvis', 'ADMIN');
INSERT INTO userx_user_role  (USERX_USERNAME, ROLES) VALUES ('elvis', 'GARDENER');

INSERT INTO userx (ENABLED, FIRST_NAME, LAST_NAME, PASSWORD, USERNAME, CREATE_USER_USERNAME, CREATE_DATE) VALUES(TRUE, 'Peter', 'Jackson', '$2y$10$P7im4OMw6hsnPWLpJ1nVKup1jlEFsLIek9D3lglmZv.Tq05GDEhMS', 'petersen', 'admin', '2016-01-01 00:00:00');
INSERT INTO userx_user_role  (USERX_USERNAME, ROLES) VALUES ('petersen', 'GARDENER');
INSERT INTO userx_user_role  (USERX_USERNAME, ROLES) VALUES ('petersen', 'USER');
INSERT INTO userx (ENABLED, FIRST_NAME, LAST_NAME, PASSWORD, USERNAME, CREATE_USER_USERNAME, CREATE_DATE) VALUES(TRUE, 'Magret', 'Smith', '$2y$10$P7im4OMw6hsnPWLpJ1nVKup1jlEFsLIek9D3lglmZv.Tq05GDEhMS', 'magret', 'admin', '2016-01-01 00:00:00');
INSERT INTO userx_user_role  (USERX_USERNAME, ROLES) VALUES ('magret', 'USER');
INSERT INTO userx (ENABLED, FIRST_NAME, LAST_NAME, PASSWORD, USERNAME, CREATE_USER_USERNAME, CREATE_DATE) VALUES(TRUE, 'Michael', 'Lutz', '$2y$10$P7im4OMw6hsnPWLpJ1nVKup1jlEFsLIek9D3lglmZv.Tq05GDEhMS', 'michael', 'admin', '2016-01-01 00:00:00');
INSERT INTO userx_user_role  (USERX_USERNAME, ROLES) VALUES ('michael', 'USER');
INSERT INTO userx (ENABLED, FIRST_NAME, LAST_NAME, PASSWORD, USERNAME, CREATE_USER_USERNAME, CREATE_DATE) VALUES(TRUE, 'David', 'Lombach', '$2y$10$P7im4OMw6hsnPWLpJ1nVKup1jlEFsLIek9D3lglmZv.Tq05GDEhMS', 'dave', 'admin', '2016-01-01 00:00:00');
INSERT INTO userx_user_role  (USERX_USERNAME, ROLES) VALUES ('dave', 'USER');
INSERT INTO userx_user_role  (USERX_USERNAME, ROLES) VALUES ('dave', 'ADMIN');



INSERT INTO access_point (id,create_date, connected, enabled, sending_interval,threshold_interval, update_date, access_point_name,password,access_Point_Role, couple_mode) VALUES ('7269ddec-30c6-44d9-bc1f-8af18da09ed3','2021-07-08 12:30:00',false,true,3.0,30.0,'2022-07-08 12:30:00','office','$2y$10$P7im4OMw6hsnPWLpJ1nVKup1jlEFsLIek9D3lglmZv.Tq05GDEhMS','ACCESS_POINT', false);
INSERT INTO access_point (id,create_date, connected, enabled, sending_interval,threshold_interval, update_date, access_point_name,password,access_Point_Role,couple_mode) VALUES ('4294ba1b-f794-4e3d-b606-896b28237bcb','2021-07-08 12:30:00',false,true,3.0,30.0,'2022-07-08 12:30:00','first floor','$2y$10$P7im4OMw6hsnPWLpJ1nVKup1jlEFsLIek9D3lglmZv.Tq05GDEhMS','ACCESS_POINT',false);
INSERT INTO access_point (id,create_date, connected, enabled, sending_interval,threshold_interval, update_date, access_point_name,password,access_Point_Role,couple_mode) VALUES ('43d5aba9-29c5-49b4-b4ec-2d430e34104f','2021-07-08 12:30:00',false,true,3.0,30.0,'2022-07-08 12:30:00','second floor','$2y$10$P7im4OMw6hsnPWLpJ1nVKup1jlEFsLIek9D3lglmZv.Tq05GDEhMS' ,'ACCESS_POINT',false);



INSERT INTO sensor_station (ID, NAME, CATEGORY, CREATE_DATE, ACCESS_POINT_ID,DIP_ID,connected,enabled,GARDENER_ID,MAC) VALUES('8ccfdfaa-9731-4786-8efa-e2141e5c4095'  ,'rose', 'flower', '2023-05-01 12:00:01', '7269ddec-30c6-44d9-bc1f-8af18da09ed3',1,false,true,'user1','1');
INSERT INTO sensor_station (ID, NAME, CATEGORY, CREATE_DATE,ACCESS_POINT_ID,DIP_ID,connected,enabled,GARDENER_ID,MAC) VALUES ('f11c3324-125f-4b2d-8b82-3692b0772d95'   , 'bonsai', 'tree', '2022-08-09 11:23:02','7269ddec-30c6-44d9-bc1f-8af18da09ed3',2,false,true,'elvis','2');
INSERT INTO sensor_station (ID, NAME, CATEGORY, CREATE_DATE,ACCESS_POINT_ID,DIP_ID,connected,enabled,GARDENER_ID,MAC) VALUES ('b94d9ff0-1366-49b1-b19b-85f73c14d744'  , 'mint', 'mint-family', '2021-10-09 20:24:03','43d5aba9-29c5-49b4-b4ec-2d430e34104f',1,false,true,'petersen','3');
INSERT INTO sensor_station (ID, NAME, CATEGORY, CREATE_DATE,ACCESS_POINT_ID,DIP_ID,connected,enabled,GARDENER_ID,MAC) VALUES ('9f98b70c-4de7-46c0-a611-21160743be7e', 'tomato', 'fruit', '2020-09-07 11:12:04','4294ba1b-f794-4e3d-b606-896b28237bcb',3,false,true,'user1','4');
INSERT INTO sensor_station (ID, NAME, CATEGORY, CREATE_DATE,ACCESS_POINT_ID,DIP_ID,connected,enabled,MAC) VALUES ('1a3b8e7c-9d4f-4d1e-a27c-f8a6b2c5e9a0', 'tomato', 'vegetable', '2020-09-07 11:12:04','4294ba1b-f794-4e3d-b606-896b28237bcb',20,false,true,'17');
INSERT INTO sensor_station (ID, NAME, CATEGORY, CREATE_DATE,ACCESS_POINT_ID,DIP_ID,connected,enabled,GARDENER_ID,MAC) VALUES ('c57004cc-ca72-41a0-9432-754e642696cb', 'potato', 'vegetable', '2019-08-01 13:23:05','4294ba1b-f794-4e3d-b606-896b28237bcb',4,false,true,'elvis','5');
INSERT INTO sensor_station (ID, NAME, CATEGORY, CREATE_DATE, ACCESS_POINT_ID,DIP_ID,connected,enabled,GARDENER_ID,MAC) VALUES('4e9bca4a-5df7-4d5f-af5f-4493458f57f7','basil', 'herb', '2023-05-01 12:00:06', '7269ddec-30c6-44d9-bc1f-8af18da09ed3',3,false,true,'petersen','6');
INSERT INTO sensor_station (ID, NAME, CATEGORY, CREATE_DATE,ACCESS_POINT_ID,DIP_ID,connected,enabled,GARDENER_ID,MAC) VALUES ('71243b9c-1eaf-4d3f-a3c3-2b32a8e96c7e', 'radish', 'vegetable', '2022-08-09 11:23:07','7269ddec-30c6-44d9-bc1f-8af18da09ed3',4,false,true,'user1','7');
INSERT INTO sensor_station (ID, NAME, CATEGORY, CREATE_DATE,ACCESS_POINT_ID,DIP_ID,connected,enabled,GARDENER_ID,MAC) VALUES ('77d7b5a5-5e43-4828-bdf2-7e3e3d83796c', 'strawberry', 'fruit', '2021-10-09 20:24:08','43d5aba9-29c5-49b4-b4ec-2d430e34104f',2,false,true,'elvis','8');
INSERT INTO sensor_station (ID, NAME, CATEGORY, CREATE_DATE,ACCESS_POINT_ID,DIP_ID,connected,enabled,GARDENER_ID,MAC) VALUES ('1be4c4f4-2b08-4bc8-8b44-1c0965b58ee9', 'spinach', 'vegetable', '2020-09-07 11:12:09','4294ba1b-f794-4e3d-b606-896b28237bcb',5,false,true,'petersen','9');
INSERT INTO sensor_station (ID, NAME, CATEGORY, CREATE_DATE,ACCESS_POINT_ID,DIP_ID,connected,enabled,GARDENER_ID,MAC) VALUES ('e6a456c1-ef03-4c62-8e80-1e7bba2a03a9', 'cucumber', 'vegetable', '2019-08-01 13:23:10','4294ba1b-f794-4e3d-b606-896b28237bcb',6,false,true,'user1','10');
INSERT INTO sensor_station (ID, NAME, CATEGORY, CREATE_DATE, ACCESS_POINT_ID, DIP_ID, connected, enabled,GARDENER_ID,MAC) VALUES ('a1a96ebd-e6b1-426e-87b1-9c9f72118e05', 'sunflower', 'flower', '2023-05-01 12:00:11', '7269ddec-30c6-44d9-bc1f-8af18da09ed3', 5, false, true,'elvis','11');
INSERT INTO sensor_station (ID, NAME, CATEGORY, CREATE_DATE, ACCESS_POINT_ID, DIP_ID, connected, enabled,GARDENER_ID,MAC) VALUES ('78c5e3e5-5c5f-4d91-9cf2-7d39ed098d9c', 'cedar', 'tree', '2022-08-09 11:23:12', '7269ddec-30c6-44d9-bc1f-8af18da09ed3', 6, false, true,'petersen','12');
INSERT INTO sensor_station (ID, NAME, CATEGORY, CREATE_DATE, ACCESS_POINT_ID, DIP_ID, connected, enabled,GARDENER_ID,MAC) VALUES ('ce9b6d71-2a2b-4baf-bf52-717d1b3a4ea4', 'peppermint', 'mint-family', '2021-10-09 20:24:13', '43d5aba9-29c5-49b4-b4ec-2d430e34104f', 3, false, true,'user1','13');
INSERT INTO sensor_station (ID, NAME, CATEGORY, CREATE_DATE, ACCESS_POINT_ID, DIP_ID, connected, enabled,GARDENER_ID,MAC) VALUES ('dc7d2e05-2953-4b46-a2b4-74705f63e005', 'blueberry', 'fruit', '2020-09-07 11:12:14', '4294ba1b-f794-4e3d-b606-896b28237bcb', 7, false, true,'elvis','14');
INSERT INTO sensor_station (ID, NAME, CATEGORY, CREATE_DATE, ACCESS_POINT_ID, DIP_ID, connected, enabled,GARDENER_ID,MAC) VALUES ('fac9c9b9-62cc-4d3d-af5b-06d9965f0f7c', 'carrot', 'vegetable', '2019-08-01 13:23:15', '4294ba1b-f794-4e3d-b606-896b28237bcb', 8, false, true,'petersen','15');
INSERT INTO sensor_station (ID, NAME, CATEGORY, CREATE_DATE, ACCESS_POINT_ID, DIP_ID, connected, enabled,GARDENER_ID,MAC) VALUES ('cf6d8d3e-9b9c-4172-98d8-50b29f1e1f87', 'lily', 'flower', '2023-05-01 12:00:16', '7269ddec-30c6-44d9-bc1f-8af18da09ed3', 7, false, true,'user1','16');


INSERT INTO sensor_data_type_info(ID, TYPE, MIN_LIMIT, MAX_LIMIT, SENSOR_STATION_ID, CREATE_DATE)
VALUES
    ('id1cc', 'TEMPERATURE', 0, 100, '8ccfdfaa-9731-4786-8efa-e2141e5c4095', '2023-04-04'),
    ('id2cc', 'TEMPERATURE', 10.0, 50.0, 'f11c3324-125f-4b2d-8b82-3692b0772d95', '2023-05-04'),
    ('id3cc', 'TEMPERATURE', -20, 80,'b94d9ff0-1366-49b1-b19b-85f73c14d744', '2023-06-04'),
    ('id4cc', 'TEMPERATURE', 5, 90,  '9f98b70c-4de7-46c0-a611-21160743be7e', '2023-07-04'),
    ('id5cc', 'TEMPERATURE', 15, 75, 'c57004cc-ca72-41a0-9432-754e642696cb', '2023-08-04'),
    ('id6cc', 'TEMPERATURE', -30, 60, '4e9bca4a-5df7-4d5f-af5f-4493458f57f7', '2023-09-04'),
    ('id7cc', 'TEMPERATURE', -10, 110,'71243b9c-1eaf-4d3f-a3c3-2b32a8e96c7e', '2023-04-05'),
    ('id8cc', 'TEMPERATURE', 20, 70,  '77d7b5a5-5e43-4828-bdf2-7e3e3d83796c', '2023-04-06'),
    ('id9cc', 'TEMPERATURE', -25, 85, '1be4c4f4-2b08-4bc8-8b44-1c0965b58ee9', '2023-04-07'),
    ('id10c', 'TEMPERATURE', 2, 98,   'a1a96ebd-e6b1-426e-87b1-9c9f72118e05', '2023-04-09'),
    ('id11c', 'TEMPERATURE', -15, 105,'78c5e3e5-5c5f-4d91-9cf2-7d39ed098d9c', '2023-04-12'),
    ('id12c', 'TEMPERATURE', 8, 92,   'ce9b6d71-2a2b-4baf-bf52-717d1b3a4ea4', '2023-04-24'),
    ('id13c', 'TEMPERATURE', -35, 55, 'dc7d2e05-2953-4b46-a2b4-74705f63e005', '2023-04-04'),
    ('id14c', 'TEMPERATURE', -5, 95,  'fac9c9b9-62cc-4d3d-af5b-06d9965f0f7c', '2023-04-14'),
    ('id1cc1', 'PRESSURE', 4, 30, '8ccfdfaa-9731-4786-8efa-e2141e5c4095', '2023-04-14'),
    ('id1cc2', 'LIGHT', 4, 30, 'ce9b6d71-2a2b-4baf-bf52-717d1b3a4ea4', '2023-04-05'),
    ('id15c', 'PRESSURE', -10, 90,'b94d9ff0-1366-49b1-b19b-85f73c14d744', '2023-06-04'),
    ('id16c', 'HUMIDITY', 0, 60,'b94d9ff0-1366-49b1-b19b-85f73c14d744', '2023-06-04'),
    ('id17c', 'SOIL', 1, 70,'b94d9ff0-1366-49b1-b19b-85f73c14d744', '2023-06-04'),
    ('id18c', 'LIGHT', 2, 80,'b94d9ff0-1366-49b1-b19b-85f73c14d744', '2023-06-04'),
    ('id18cc','PRESSURE', 3, 78, 'cf6d8d3e-9b9c-4172-98d8-50b29f1e1f87', '2023-04-27'),
    ('id19c', 'AIRQUALITY', -20, 800,'b94d9ff0-1366-49b1-b19b-85f73c14d744', '2023-06-04');



INSERT INTO sensor_data (ID, MEASUREMENT, SENSOR_STATION_ID, TYPE, CREATE_DATE,TIMESTAMP) VALUES ('0e6006f9-12f2-4f08-841f-6d937669eb6e', 0.05, '8ccfdfaa-9731-4786-8efa-e2141e5c4095', 'TEMPERATURE',  '2020-05-06 13:45:00','2010-03-23 14:54:00');
INSERT INTO sensor_data (ID, MEASUREMENT, SENSOR_STATION_ID, TYPE, CREATE_DATE,TIMESTAMP) VALUES ('9ab74d92-5ef5-4c31-8465-be1bbf45a1f7',3.4, '8ccfdfaa-9731-4786-8efa-e2141e5c4095','AIRQUALITY',   '2010-03-23 14:54:00','2010-01-23 14:54:00');
INSERT INTO sensor_data (ID, MEASUREMENT, SENSOR_STATION_ID, TYPE, CREATE_DATE,TIMESTAMP) VALUES ('cdc0dce8-08c1-44bd-9e52-3b2f6107d9a3', 120.0, 'b94d9ff0-1366-49b1-b19b-85f73c14d744', 'AIRQUALITY','2019-05-12 23:04:00','2010-06-23 14:54:00');
INSERT INTO sensor_data (ID, MEASUREMENT, SENSOR_STATION_ID, TYPE, CREATE_DATE,TIMESTAMP) VALUES ('0718665a-5c08-4580-a4de-d8089d8756db', 20.34, 'b94d9ff0-1366-49b1-b19b-85f73c14d744','SOIL', '2012-06-16','2010-03-23 17:54:00');
INSERT INTO sensor_data (ID, MEASUREMENT, SENSOR_STATION_ID, TYPE, CREATE_DATE,TIMESTAMP) VALUES ('675e0e77-387c-46da-bf1d-5d96678fefb2', 123, 'b94d9ff0-1366-49b1-b19b-85f73c14d744', 'AIRQUALITY',  '2022-10-23 16:00:00','2010-03-23 14:54:00');
INSERT INTO sensor_data (ID, MEASUREMENT, SENSOR_STATION_ID, TYPE, CREATE_DATE,TIMESTAMP) VALUES ('d7f5e9c0-6b4a-4e5c-8d1f-3b7a2a9d2f7e', 20.0, '8ccfdfaa-9731-4786-8efa-e2141e5c4095', 'TEMPERATURE',  '2023-04-01 14:39:06','2010-03-23 18:54:00');
INSERT INTO sensor_data (ID, MEASUREMENT, SENSOR_STATION_ID, TYPE, CREATE_DATE,TIMESTAMP) VALUES ('b2a9d8c7-6b4a-4e5c-8d1f-3b7a2a9d2f7e', 30.0, '8ccfdfaa-9731-4786-8efa-e2141e5c4095', 'LIGHT',  '2020-04-01 14:39:06','2010-03-23 14:54:00');
INSERT INTO sensor_data (ID, MEASUREMENT, SENSOR_STATION_ID, TYPE, CREATE_DATE,TIMESTAMP) VALUES ('a3b4c6d8-6b4a-4e5c-8d1f-3b7a2a9d2f7e', 40.0, '8ccfdfaa-9731-4786-8efa-e2141e5c4095', 'AIRQUALITY',  '2012-04-01 19:12:06','2010-03-23 14:54:00');
INSERT INTO sensor_data (ID, MEASUREMENT, SENSOR_STATION_ID, TYPE, CREATE_DATE,TIMESTAMP) VALUES ('d7f5e9c0-a3b4-c6d8-b2a9-d8c73b7a2a9d', 25.0, 'f11c3324-125f-4b2d-8b82-3692b0772d95', 'TEMPERATURE',  '2023-04-01 14:39:06','2010-08-23 14:54:00');
INSERT INTO sensor_data (ID, MEASUREMENT, SENSOR_STATION_ID, TYPE, CREATE_DATE,TIMESTAMP) VALUES ('b2a9d8c7-a3b4-c6d8-b2a9-d8c73b7a2a9d', 35.0, 'f11c3324-125f-4b2d-8b82-3692b0772d95', 'SOIL',  '2021-04-01 14:39:06','2010-04-23 14:54:00');
INSERT INTO sensor_data (ID, MEASUREMENT, SENSOR_STATION_ID, TYPE, CREATE_DATE,TIMESTAMP) VALUES ('a3b4c6d8-a3b4-c6d8-b2a9-d8c73b7a2a9d', 45.0, 'f11c3324-125f-4b2d-8b82-3692b0772d95', 'SOIL', '2023-04-01 14:39:06','2010-03-23 14:54:00');
INSERT INTO sensor_data (ID, MEASUREMENT, SENSOR_STATION_ID, TYPE, CREATE_DATE,TIMESTAMP) VALUES ('d7f5e9c0-a1a9-b1c9-d1e9-f1a1e1e1e1e1', 22.0, 'b94d9ff0-1366-49b1-b19b-85f73c14d744', 'TEMPERATURE','2022-04-01 14:39:06','2010-03-23 14:54:00');
INSERT INTO sensor_data (ID, MEASUREMENT, SENSOR_STATION_ID, TYPE, CREATE_DATE,TIMESTAMP) VALUES ('a3b4c6d8-1be4-c4f4-2b08-8b44-1c0965b58ee9', 50.0, '1be4c4f4-2b08-4bc8-8b44-1c0965b58ee9', 'TEMPERATURE','2021-04-01 14:39:06','2010-03-23 14:54:00');
INSERT INTO sensor_data (ID, MEASUREMENT, SENSOR_STATION_ID, TYPE, CREATE_DATE,TIMESTAMP) VALUES ('d7f5e9c0-e6a4-56c1-ef03-8e80-1e7bba2a03a9', 60.0, 'e6a456c1-ef03-4c62-8e80-1e7bba2a03a9', 'AIRQUALITY',  '2023-04-01 14:39:06','2010-03-23 14:54:00');
INSERT INTO sensor_data (ID, MEASUREMENT, SENSOR_STATION_ID, TYPE, CREATE_DATE,TIMESTAMP) VALUES ('b2a9d8c7-a1a9-b1c9-d1e9-f1a1e1e1e1e1', 70.0,'b94d9ff0-1366-49b1-b19b-85f73c14d744', 'PRESSURE', '2013-04-01 14:39:06','2010-03-23 14:54:00');
INSERT INTO sensor_data (ID, MEASUREMENT, SENSOR_STATION_ID, TYPE, CREATE_DATE,TIMESTAMP) VALUES ('a3b4c6d8-cf6d-8d3e-9b9c-4172-98d8-50b29f1e1f87', 55.0,'cf6d8d3e-9b9c-4172-98d8-50b29f1e1f87', 'TEMPERATURE','2015-04-01 14:39:06','2010-03-23 14:54:00');
INSERT INTO sensor_data (ID, MEASUREMENT, SENSOR_STATION_ID, TYPE, CREATE_DATE,TIMESTAMP) VALUES ('d7f5e9c0-ce9b-6d71-2a2b-bf52-717d1b3a4ea4', 65.0,'ce9b6d71-2a2b-4baf-bf52-717d1b3a4ea4', 'LIGHT',' 2023-04-01 14:39:06','2023-04-12 14:54:00');
INSERT INTO sensor_data (ID, MEASUREMENT, SENSOR_STATION_ID, TYPE, CREATE_DATE,TIMESTAMP) VALUES ('b2a9d8c7-dc7d-2e05-2953-4b46-a2b4-74705f63e005', 75.0,'dc7d2e05-2953-4b46-a2b4-74705f63e005', 'AIRQUALITY',' 2021-04-01 14:39:06','2010-03-23 14:54:00');
INSERT INTO sensor_data (ID, MEASUREMENT, SENSOR_STATION_ID, TYPE, CREATE_DATE,TIMESTAMP) VALUES ('a3b4c6d8-fac9-c9b9-62cc-4d3d-af5b-06d9965f0f7c', 60.0,'fac9c9b9-62cc-4d3d-af5b-06d9965f0f7c', 'TEMPERATURE','2020-04-01 14:39:06','2010-03-23 14:54:00');

INSERT INTO user_sensor_station(user_id, SENSOR_STATION_ID) VALUES ('user2','a1a96ebd-e6b1-426e-87b1-9c9f72118e05');
INSERT INTO user_sensor_station(user_id, SENSOR_STATION_ID) VALUES ('user2','78c5e3e5-5c5f-4d91-9cf2-7d39ed098d9c');
INSERT INTO user_sensor_station(user_id, SENSOR_STATION_ID) VALUES ('user2','ce9b6d71-2a2b-4baf-bf52-717d1b3a4ea4');
