
-- $2y$10$P7im4OMw6hsnPWLpJ1nVKup1jlEFsLIek9D3lglmZv.Tq05GDEhMS -> passwd
INSERT INTO USERX (ENABLED, FIRST_NAME, LAST_NAME, PASSWORD, USERNAME, CREATE_USER_USERNAME, CREATE_DATE) VALUES(TRUE, 'Admin', 'Istrator', '$2y$10$P7im4OMw6hsnPWLpJ1nVKup1jlEFsLIek9D3lglmZv.Tq05GDEhMS', 'admin', 'admin', '2016-01-01 00:00:00');
INSERT INTO USERX_USER_ROLE (USERX_USERNAME, ROLES) VALUES ('admin', 'ADMIN');
INSERT INTO USERX (ENABLED, FIRST_NAME, LAST_NAME, PASSWORD, USERNAME, CREATE_USER_USERNAME, CREATE_DATE) VALUES(TRUE, 'Susi', 'Kaufgern', '$2y$10$P7im4OMw6hsnPWLpJ1nVKup1jlEFsLIek9D3lglmZv.Tq05GDEhMS', 'user1', 'admin', '2016-01-01 00:00:00');
INSERT INTO USERX_USER_ROLE (USERX_USERNAME, ROLES) VALUES ('user1', 'GARDENER');
INSERT INTO USERX (ENABLED, FIRST_NAME, LAST_NAME, PASSWORD, USERNAME, CREATE_USER_USERNAME, CREATE_DATE) VALUES(TRUE, 'Max', 'Mustermann', '$2y$10$P7im4OMw6hsnPWLpJ1nVKup1jlEFsLIek9D3lglmZv.Tq05GDEhMS', 'user2', 'admin', '2016-01-01 00:00:00');
INSERT INTO USERX_USER_ROLE (USERX_USERNAME, ROLES) VALUES ('user2', 'USER');
INSERT INTO USERX (ENABLED, FIRST_NAME, LAST_NAME, PASSWORD, USERNAME, CREATE_USER_USERNAME, CREATE_DATE) VALUES(TRUE, 'Elvis', 'The King', '$2y$10$P7im4OMw6hsnPWLpJ1nVKup1jlEFsLIek9D3lglmZv.Tq05GDEhMS', 'elvis', 'elvis', '2016-01-01 00:00:00');
INSERT INTO USERX_USER_ROLE (USERX_USERNAME, ROLES) VALUES ('elvis', 'ADMIN');
INSERT INTO USERX_USER_ROLE (USERX_USERNAME, ROLES) VALUES ('elvis', 'GARDENER');

INSERT INTO USERX (ENABLED, FIRST_NAME, LAST_NAME, PASSWORD, USERNAME, CREATE_USER_USERNAME, CREATE_DATE) VALUES(TRUE, 'Peter', 'Jackson', '$2y$10$P7im4OMw6hsnPWLpJ1nVKup1jlEFsLIek9D3lglmZv.Tq05GDEhMS', 'petersen', 'admin', '2016-01-01 00:00:00');
INSERT INTO USERX_USER_ROLE (USERX_USERNAME, ROLES) VALUES ('petersen', 'GARDENER');
INSERT INTO USERX_USER_ROLE (USERX_USERNAME, ROLES) VALUES ('petersen', 'USER');
INSERT INTO USERX (ENABLED, FIRST_NAME, LAST_NAME, PASSWORD, USERNAME, CREATE_USER_USERNAME, CREATE_DATE) VALUES(TRUE, 'Magret', 'Smith', '$2y$10$P7im4OMw6hsnPWLpJ1nVKup1jlEFsLIek9D3lglmZv.Tq05GDEhMS', 'magret1', 'admin', '2016-01-01 00:00:00');
INSERT INTO USERX_USER_ROLE (USERX_USERNAME, ROLES) VALUES ('magret1', 'USER');
INSERT INTO USERX (ENABLED, FIRST_NAME, LAST_NAME, PASSWORD, USERNAME, CREATE_USER_USERNAME, CREATE_DATE) VALUES(TRUE, 'Michael', 'Lutz', '$2y$10$P7im4OMw6hsnPWLpJ1nVKup1jlEFsLIek9D3lglmZv.Tq05GDEhMS', 'michael2', 'admin', '2016-01-01 00:00:00');
INSERT INTO USERX_USER_ROLE (USERX_USERNAME, ROLES) VALUES ('michael2', 'USER');
INSERT INTO USERX (ENABLED, FIRST_NAME, LAST_NAME, PASSWORD, USERNAME, CREATE_USER_USERNAME, CREATE_DATE) VALUES(TRUE, 'David', 'Lombach', '$2y$10$P7im4OMw6hsnPWLpJ1nVKup1jlEFsLIek9D3lglmZv.Tq05GDEhMS', 'dave', 'elvis', '2016-01-01 00:00:00');
INSERT INTO USERX_USER_ROLE (USERX_USERNAME, ROLES) VALUES ('dave', 'USER');
INSERT INTO USERX_USER_ROLE (USERX_USERNAME, ROLES) VALUES ('dave', 'ADMIN');



INSERT INTO access_point (id, create_date, connected, enabled, sending_interval, update_date, access_point_name,password,access_Point_Role) VALUES ('7269ddec-30c6-44d9-bc1f-8af18da09ed3','2021-07-08 12:30:00',false,true,3.0,'2022-07-08 12:30:00','office','$2y$10$P7im4OMw6hsnPWLpJ1nVKup1jlEFsLIek9D3lglmZv.Tq05GDEhMS','ACCESS_POINT' );
INSERT INTO access_point (id, create_date, connected, enabled, sending_interval, update_date, access_point_name,password,access_Point_Role) VALUES ('4294ba1b-f794-4e3d-b606-896b28237bcb','2021-07-08 12:30:00',false,true,3.0,'2022-07-08 12:30:00','first floor','$2y$10$P7im4OMw6hsnPWLpJ1nVKup1jlEFsLIek9D3lglmZv.Tq05GDEhMS','ACCESS_POINT'  );
INSERT INTO access_point (id, create_date, connected, enabled, sending_interval, update_date, access_point_name,password,access_Point_Role) VALUES ('43d5aba9-29c5-49b4-b4ec-2d430e34104f','2021-07-08 12:30:00',false,true,3.0,'2022-07-08 12:30:00','second floor','$2y$10$P7im4OMw6hsnPWLpJ1nVKup1jlEFsLIek9D3lglmZv.Tq05GDEhMS' ,'ACCESS_POINT' );

INSERT INTO SENSOR_STATION (ID, NAME, CATEGORY, CREATE_DATE, ACCESS_POINT_ID,DIP_ID,connected,enabled,transmission_interval) VALUES ('8ccfdfaa-9731-4786-8efa-e2141e5c4095','rose', 'flower', '2023-05-01 12:00:00', '7269ddec-30c6-44d9-bc1f-8af18da09ed3',1,false,true,12.0);
INSERT INTO SENSOR_STATION (ID, NAME, CATEGORY, CREATE_DATE,ACCESS_POINT_ID,DIP_ID,connected,enabled,transmission_interval) VALUES ('f11c3324-125f-4b2d-8b82-3692b0772d95', 'bonsai', 'tree', '2022-08-09 11:23:00','7269ddec-30c6-44d9-bc1f-8af18da09ed3',2,false,true,12.0);
INSERT INTO SENSOR_STATION (ID, NAME, CATEGORY, CREATE_DATE,ACCESS_POINT_ID,DIP_ID,connected,enabled,transmission_interval) VALUES ('b94d9ff0-1366-49b1-b19b-85f73c14d744', 'mint', 'mint-family', '2021-10-09 20:24:00','43d5aba9-29c5-49b4-b4ec-2d430e34104f',1,false,true,12.0);
INSERT INTO SENSOR_STATION (ID, NAME, CATEGORY, CREATE_DATE,ACCESS_POINT_ID,DIP_ID,connected,enabled,transmission_interval) VALUES ('9f98b70c-4de7-46c0-a611-21160743be7e', 'tomato', 'fruit', '2020-09-07 11:12:00','4294ba1b-f794-4e3d-b606-896b28237bcb',3,false,true,12.0);
INSERT INTO SENSOR_STATION (ID, NAME, CATEGORY, CREATE_DATE,ACCESS_POINT_ID,DIP_ID,connected,enabled,transmission_interval) VALUES ('c57004cc-ca72-41a0-9432-754e642696cb', 'potato', 'vegetable', '2019-08-01 13:23:00','4294ba1b-f794-4e3d-b606-896b28237bcb',4,false,true,12.0);

INSERT INTO SENSOR_STATION (ID, NAME, CATEGORY, CREATE_DATE, ACCESS_POINT_ID,DIP_ID,connected,enabled,transmission_interval) VALUES ('4e9bca4a-5df7-4d5f-af5f-4493458f57f7','rose', 'flower', '2023-05-01 12:00:00', '7269ddec-30c6-44d9-bc1f-8af18da09ed3',3,false,true,12.0);
INSERT INTO SENSOR_STATION (ID, NAME, CATEGORY, CREATE_DATE,ACCESS_POINT_ID,DIP_ID,connected,enabled,transmission_interval) VALUES ('71243b9c-1eaf-4d3f-a3c3-2b32a8e96c7e', 'bonsai', 'tree', '2022-08-09 11:23:00','7269ddec-30c6-44d9-bc1f-8af18da09ed3',4,false,true,12.0);
INSERT INTO SENSOR_STATION (ID, NAME, CATEGORY, CREATE_DATE,ACCESS_POINT_ID,DIP_ID,connected,enabled,transmission_interval) VALUES ('77d7b5a5-5e43-4828-bdf2-7e3e3d83796c', 'mint', 'mint-family', '2021-10-09 20:24:00','43d5aba9-29c5-49b4-b4ec-2d430e34104f',2,false,true,12.0);
INSERT INTO SENSOR_STATION (ID, NAME, CATEGORY, CREATE_DATE,ACCESS_POINT_ID,DIP_ID,connected,enabled,transmission_interval) VALUES ('1be4c4f4-2b08-4bc8-8b44-1c0965b58ee9', 'tomato', 'fruit', '2020-09-07 11:12:00','4294ba1b-f794-4e3d-b606-896b28237bcb',5,false,true,12.0);
INSERT INTO SENSOR_STATION (ID, NAME, CATEGORY, CREATE_DATE,ACCESS_POINT_ID,DIP_ID,connected,enabled,transmission_interval) VALUES ('e6a456c1-ef03-4c62-8e80-1e7bba2a03a9', 'potato', 'vegetable', '2019-08-01 13:23:00','4294ba1b-f794-4e3d-b606-896b28237bcb',6,false,true,12.0);

INSERT INTO SENSOR_STATION (ID, NAME, CATEGORY, CREATE_DATE, ACCESS_POINT_ID, DIP_ID, connected, enabled, transmission_interval) VALUES ('a1a96ebd-e6b1-426e-87b1-9c9f72118e05', 'sunflower', 'flower', '2023-05-01 12:00:00', '7269ddec-30c6-44d9-bc1f-8af18da09ed3', 5, false, true, 12.0);
INSERT INTO SENSOR_STATION (ID, NAME, CATEGORY, CREATE_DATE, ACCESS_POINT_ID, DIP_ID, connected, enabled, transmission_interval) VALUES ('78c5e3e5-5c5f-4d91-9cf2-7d39ed098d9c', 'cedar', 'tree', '2022-08-09 11:23:00', '7269ddec-30c6-44d9-bc1f-8af18da09ed3', 6, false, true, 12.0);
INSERT INTO SENSOR_STATION (ID, NAME, CATEGORY, CREATE_DATE, ACCESS_POINT_ID, DIP_ID, connected, enabled, transmission_interval) VALUES ('ce9b6d71-2a2b-4baf-bf52-717d1b3a4ea4', 'peppermint', 'mint-family', '2021-10-09 20:24:00', '43d5aba9-29c5-49b4-b4ec-2d430e34104f', 3, false, true, 12.0);
INSERT INTO SENSOR_STATION (ID, NAME, CATEGORY, CREATE_DATE, ACCESS_POINT_ID, DIP_ID, connected, enabled, transmission_interval) VALUES ('dc7d2e05-2953-4b46-a2b4-74705f63e005', 'blueberry', 'fruit', '2020-09-07 11:12:00', '4294ba1b-f794-4e3d-b606-896b28237bcb', 7, false, true, 12.0);
INSERT INTO SENSOR_STATION (ID, NAME, CATEGORY, CREATE_DATE, ACCESS_POINT_ID, DIP_ID, connected, enabled, transmission_interval) VALUES ('fac9c9b9-62cc-4d3d-af5b-06d9965f0f7c', 'carrot', 'vegetable', '2019-08-01 13:23:00', '4294ba1b-f794-4e3d-b606-896b28237bcb', 8, false, true, 12.0);
INSERT INTO SENSOR_STATION (ID, NAME, CATEGORY, CREATE_DATE, ACCESS_POINT_ID, DIP_ID, connected, enabled, transmission_interval) VALUES ('cf6d8d3e-9b9c-4172-98d8-50b29f1e1f87', 'lily', 'flower', '2023-05-01 12:00:00', '7269ddec-30c6-44d9-bc1f-8af18da09ed3', 7, false, true, 12.0);

INSERT INTO SENSOR_DATA (ID, MEASUREMENT, SENSOR_STATION_ID, TYPE, UNIT, CREATE_DATE) VALUES ('0e6006f9-12f2-4f08-841f-6d937669eb6e', 0.05, '8ccfdfaa-9731-4786-8efa-e2141e5c4095', 'Temperature', 'C', '2020-05-06 13:45:00');
INSERT INTO SENSOR_DATA (ID, MEASUREMENT, SENSOR_STATION_ID, TYPE, UNIT, CREATE_DATE) VALUES ('9ab74d92-5ef5-4c31-8465-be1bbf45a1f7',3.4, '8ccfdfaa-9731-4786-8efa-e2141e5c4095','Humidity', '%',  '2010-03-23 14:54:00');
INSERT INTO SENSOR_DATA (ID, MEASUREMENT, SENSOR_STATION_ID, TYPE, CREATE_DATE) VALUES ('cdc0dce8-08c1-44bd-9e52-3b2f6107d9a3', 120.0, 'b94d9ff0-1366-49b1-b19b-85f73c14d744', 'Air-quality', '2019-05-12 23:04:00');
INSERT INTO SENSOR_DATA (ID, MEASUREMENT, SENSOR_STATION_ID, TYPE, UNIT, CREATE_DATE) VALUES ('0718665a-5c08-4580-a4de-d8089d8756db', 20.34, 'b94d9ff0-1366-49b1-b19b-85f73c14d744','Temperature', 'C','2012-06-16');
INSERT INTO SENSOR_DATA (ID, MEASUREMENT, SENSOR_STATION_ID, TYPE, UNIT, CREATE_DATE) VALUES ('675e0e77-387c-46da-bf1d-5d96678fefb2', 123, 'b94d9ff0-1366-49b1-b19b-85f73c14d744', 'Humidity', '%', '2022-10-23 16:00:00');
INSERT INTO SENSOR_DATA (ID, MEASUREMENT, SENSOR_STATION_ID, TYPE, UNIT, CREATE_DATE) VALUES ('d7f5e9c0-6b4a-4e5c-8d1f-3b7a2a9d2f7e', 20.0, '8ccfdfaa-9731-4786-8efa-e2141e5c4095', 'Temperature', 'Celsius', '2023-04-01 14:39:06');
INSERT INTO SENSOR_DATA (ID, MEASUREMENT, SENSOR_STATION_ID, TYPE, UNIT, CREATE_DATE) VALUES ('b2a9d8c7-6b4a-4e5c-8d1f-3b7a2a9d2f7e', 30.0, '8ccfdfaa-9731-4786-8efa-e2141e5c4095', 'Temperature', '%', '2020-04-01 14:39:06');
INSERT INTO SENSOR_DATA (ID, MEASUREMENT, SENSOR_STATION_ID, TYPE, UNIT, CREATE_DATE) VALUES ('a3b4c6d8-6b4a-4e5c-8d1f-3b7a2a9d2f7e', 40.0, '8ccfdfaa-9731-4786-8efa-e2141e5c4095', 'Humidity', 'hPa', '2012-04-01 14:39:06');
INSERT INTO SENSOR_DATA (ID, MEASUREMENT, SENSOR_STATION_ID, TYPE, UNIT, CREATE_DATE) VALUES ('d7f5e9c0-a3b4-c6d8-b2a9-d8c73b7a2a9d', 25.0, 'f11c3324-125f-4b2d-8b82-3692b0772d95', 'Air-quality', 'Celsius', '2023-04-01 14:39:06');
INSERT INTO SENSOR_DATA (ID, MEASUREMENT, SENSOR_STATION_ID, TYPE, UNIT, CREATE_DATE) VALUES ('b2a9d8c7-a3b4-c6d8-b2a9-d8c73b7a2a9d', 35.0, 'f11c3324-125f-4b2d-8b82-3692b0772d95', 'Air-quality', '%', '2021-04-01 14:39:06');
INSERT INTO SENSOR_DATA (ID, MEASUREMENT, SENSOR_STATION_ID, TYPE, UNIT, CREATE_DATE) VALUES ('a3b4c6d8-a3b4-c6d8-b2a9-d8c73b7a2a9d', 45.0, 'f11c3324-125f-4b2d-8b82-3692b0772d95', 'Air-quality', 'hPa', '2023-04-01 14:39:06');
INSERT INTO SENSOR_DATA (ID, MEASUREMENT, SENSOR_STATION_ID, TYPE, UNIT, CREATE_DATE) VALUES ('d7f5e9c0-a1a9-b1c9-d1e9-f1a1e1e1e1e1', 22.0, 'b94d9ff0-1366-49b1-b19b-85f73c14d744', 'Temperature', 'Celsius', '2022-04-01 14:39:06');
INSERT INTO SENSOR_DATA (ID, MEASUREMENT, SENSOR_STATION_ID, TYPE, UNIT, CREATE_DATE) VALUES ('a3b4c6d8-1be4-c4f4-2b08-8b44-1c0965b58ee9', 50.0, '1be4c4f4-2b08-4bc8-8b44-1c0965b58ee9', 'Temperature', 'Celsius', '2021-04-01 14:39:06');
INSERT INTO SENSOR_DATA (ID, MEASUREMENT, SENSOR_STATION_ID, TYPE, UNIT, CREATE_DATE) VALUES ('d7f5e9c0-e6a4-56c1-ef03-8e80-1e7bba2a03a9', 60.0, 'e6a456c1-ef03-4c62-8e80-1e7bba2a03a9', 'Humidity', '%', '2023-04-01 14:39:06');
INSERT INTO SENSOR_DATA (ID, MEASUREMENT, SENSOR_STATION_ID, TYPE, UNIT, CREATE_DATE) VALUES ('b2a9d8c7-a1a9-b1c9-d1e9-f1a1e1e1e1e1', 70.0,'b94d9ff0-1366-49b1-b19b-85f73c14d744', 'Air-quality',' hPa ',' 2013-04-01 14:39:06');
INSERT INTO SENSOR_DATA (ID, MEASUREMENT, SENSOR_STATION_ID, TYPE, UNIT, CREATE_DATE) VALUES ('a3b4c6d8-cf6d-8d3e-9b9c-4172-98d8-50b29f1e1f87', 55.0,'cf6d8d3e-9b9c-4172-98d8-50b29f1e1f87', 'Temperature',' Celsius ',' 2015-04-01 14:39:06');
INSERT INTO SENSOR_DATA (ID, MEASUREMENT, SENSOR_STATION_ID, TYPE, UNIT, CREATE_DATE) VALUES ('d7f5e9c0-ce9b-6d71-2a2b-bf52-717d1b3a4ea4', 65.0,'ce9b6d71-2a2b-4baf-bf52-717d1b3a4ea4', 'Air',' % ',' 2023-04-01 14:39:06');
INSERT INTO SENSOR_DATA (ID, MEASUREMENT, SENSOR_STATION_ID, TYPE, UNIT, CREATE_DATE) VALUES ('b2a9d8c7-dc7d-2e05-2953-4b46-a2b4-74705f63e005', 75.0,'dc7d2e05-2953-4b46-a2b4-74705f63e005', 'Air-quality',' hPa ',' 1997-04-01 14:39:06');
INSERT INTO SENSOR_DATA (ID, MEASUREMENT, SENSOR_STATION_ID, TYPE, UNIT, CREATE_DATE) VALUES ('a3b4c6d8-fac9-c9b9-62cc-4d3d-af5b-06d9965f0f7c', 60.0,'fac9c9b9-62cc-4d3d-af5b-06d9965f0f7c', 'Temperature',' Celsius ',' 2020-04-01 14:39:06');





INSERT INTO SENSOR_STATION_GARDENER(ID,GARDENER_USERNAME,SENSOR_STATION_ID) VALUES ('5c889a0a-aa09-4b2d-882f-6562dbd057c2','user1','8ccfdfaa-9731-4786-8efa-e2141e5c4095');
INSERT INTO SENSOR_STATION_GARDENER(ID,GARDENER_USERNAME,SENSOR_STATION_ID) VALUES ('07bf39e8-284f-43b7-bd3c-3f5a5d5c1a7a','elvis','f11c3324-125f-4b2d-8b82-3692b0772d95');
INSERT INTO SENSOR_STATION_GARDENER(ID,GARDENER_USERNAME,SENSOR_STATION_ID) VALUES ('6c7c6b72-6f2e-4d0c-a1b6-fcdcb6a1d76a','petersen','b94d9ff0-1366-49b1-b19b-85f73c14d744');
INSERT INTO SENSOR_STATION_GARDENER(ID,GARDENER_USERNAME,SENSOR_STATION_ID) VALUES ('c1d555fa-054f-44db-834e-03342e011b77','user1','9f98b70c-4de7-46c0-a611-21160743be7e');
INSERT INTO SENSOR_STATION_GARDENER(ID,GARDENER_USERNAME,SENSOR_STATION_ID) VALUES ('c0d49f79-5a3b-40f7-9aa9-1bb44c330d23','elvis','c57004cc-ca72-41a0-9432-754e642696cb');
INSERT INTO SENSOR_STATION_GARDENER(ID,GARDENER_USERNAME,SENSOR_STATION_ID) VALUES ('f54b2d95-4a8f-498f-9129-18e2d2c8f19b','petersen','4e9bca4a-5df7-4d5f-af5f-4493458f57f7');
INSERT INTO SENSOR_STATION_GARDENER(ID,GARDENER_USERNAME,SENSOR_STATION_ID) VALUES ('9d969f01-8a7c-4c3d-a3e1-3cf8a42f1b0f','user1','71243b9c-1eaf-4d3f-a3c3-2b32a8e96c7e');
INSERT INTO SENSOR_STATION_GARDENER(ID,GARDENER_USERNAME,SENSOR_STATION_ID) VALUES ('1d09813c-2a9e-4cc9-9e8d-6c14611d4723','elvis','77d7b5a5-5e43-4828-bdf2-7e3e3d83796c');
INSERT INTO SENSOR_STATION_GARDENER(ID,GARDENER_USERNAME,SENSOR_STATION_ID) VALUES ('6b173f38-0ab6-4167-938e-fb7df8b2716a','petersen','1be4c4f4-2b08-4bc8-8b44-1c0965b58ee9');
INSERT INTO SENSOR_STATION_GARDENER(ID, GARDENER_USERNAME, SENSOR_STATION_ID) VALUES ('ab974c57-e676-4f8c-a6f4-6d4c091f0501', 'user1', 'e6a456c1-ef03-4c62-8e80-1e7bba2a03a9');
INSERT INTO SENSOR_STATION_GARDENER(ID, GARDENER_USERNAME, SENSOR_STATION_ID) VALUES ('c3d71f77-6d8c-424a-90f1-2629edfde0a9', 'elvis', 'a1a96ebd-e6b1-426e-87b1-9c9f72118e05');
INSERT INTO SENSOR_STATION_GARDENER(ID, GARDENER_USERNAME, SENSOR_STATION_ID) VALUES ('0c9cc9dc-52e0-4e94-845d-cb6e7b0f201d', 'petersen', '78c5e3e5-5c5f-4d91-9cf2-7d39ed098d9c');
INSERT INTO SENSOR_STATION_GARDENER(ID, GARDENER_USERNAME, SENSOR_STATION_ID) VALUES ('aa1f8b3d-3e77-4235-b33e-8f1c81f1265d', 'user1', 'ce9b6d71-2a2b-4baf-bf52-717d1b3a4ea4');
INSERT INTO SENSOR_STATION_GARDENER(ID, GARDENER_USERNAME, SENSOR_STATION_ID) VALUES ('0b7f119c-cd68-4f2a-83b9-60112831d9f8', 'elvis', 'dc7d2e05-2953-4b46-a2b4-74705f63e005');
INSERT INTO SENSOR_STATION_GARDENER(ID, GARDENER_USERNAME, SENSOR_STATION_ID) VALUES ('c4f945ad-00a9-442d-91c7-165031b33f56', 'petersen', 'fac9c9b9-62cc-4d3d-af5b-06d9965f0f7c');
INSERT INTO SENSOR_STATION_GARDENER(ID, GARDENER_USERNAME, SENSOR_STATION_ID) VALUES ('c46e2770-118f-4e2d-8f32-9f1211ca37d3', 'user1', 'cf6d8d3e-9b9c-4172-98d8-50b29f1e1f87');